{
  "_id": "eLlhsV7fNyRutbq1",
  "name": "Antique Pistol",
  "type": "weapon",
  "img": "systems/mgt2/icons/items/gun-slug.svg",
  "effects": [],
  "folder": null,
  "sort": 0,
  "flags": {},
  "system": {
    "tl": 3,
    "weight": 1,
    "cost": 100,
    "notes": "An old pistol that needs to be reloaded after every shot.",
    "active": false,
    "quantity": 1,
    "status": null,
    "weapon": {
      "range": 5,
      "damage": "2D6-3",
      "magazine": 1,
      "ammo": 1,
      "magazineCost": 0,
      "characteristic": "DEX",
      "skill": "guncombat.slug",
      "parryBonus": 0,
      "damageBonus": "",
      "damageType": "standard",
      "attackBonus": 0,
      "traits": "",
      "sfx": "<p>There is a bang and a smell of black powder.</p>"
    },
    "name": "",
    "description": "<p>An antique pistol.</p>",
    "augments": [],
    "templates": [
      "base"
    ],
    "item": {
      "tl": 2,
      "weight": 0.5
    }
  },
  "ownership": {
    "default": 0,
    "QlyRLFLquZkYH4lQ": 3
  },
  "_stats": {
    "systemId": "mgt2",
    "systemVersion": "0.4.8",
    "coreVersion": "11.306",
    "createdTime": null,
    "modifiedTime": 1707775583304,
    "lastModifiedBy": "Uzw5MJmM0BRE3sSL"
  },
  "_key": "!items!eLlhsV7fNyRutbq1"
}
