{
  "_id": "KjYQNF4VI3GigmEy",
  "name": "Bite and Claw",
  "type": "weapon",
  "img": "systems/mgt2/icons/items/melee-natural.svg",
  "effects": [],
  "folder": null,
  "sort": 0,
  "flags": {},
  "system": {
    "tl": "0",
    "weight": 0,
    "cost": 0,
    "notes": "",
    "active": false,
    "quantity": 1,
    "status": null,
    "weapon": {
      "range": 0,
      "damage": "1D6",
      "magazine": 0,
      "ammo": 0,
      "magazineCost": 0,
      "characteristic": "STR",
      "skill": "melee.natural",
      "parryBonus": 0,
      "damageBonus": "",
      "damageType": "standard",
      "attackBonus": 0,
      "traits": "",
      "sfx": ""
    },
    "name": "",
    "description": "<p>Natural weapon for a creature.</p>",
    "augments": [],
    "templates": [
      "base"
    ]
  },
  "ownership": {
    "default": 0,
    "QlyRLFLquZkYH4lQ": 3
  },
  "_stats": {
    "systemId": "mgt2",
    "systemVersion": "0.4.9",
    "coreVersion": "11.315",
    "createdTime": null,
    "modifiedTime": 1717941320992,
    "lastModifiedBy": "Uzw5MJmM0BRE3sSL"
  },
  "_key": "!items!KjYQNF4VI3GigmEy"
}
