{
  "_id": "uzMkcCdPFJSFURVP",
  "name": "Cloth",
  "type": "armour",
  "img": "systems/mgt2/icons/items/armour-light.svg",
  "effects": [],
  "folder": null,
  "sort": 0,
  "flags": {},
  "system": {
    "tl": "7",
    "weight": 7,
    "cost": 0,
    "notes": "",
    "active": false,
    "quantity": 1,
    "status": null,
    "armour": {
      "protection": "5",
      "otherProtection": "0",
      "otherTypes": "",
      "rad": 0,
      "archaic": "0",
      "skill": "",
      "duration": 0,
      "slots": 0,
      "form": "standard",
      "layered": "0",
      "ablat": "0",
      "powered": "0",
      "worn": false,
      "antique": false,
      "strBonus": null,
      "dexBonus": null
    },
    "name": "",
    "description": "Item Description",
    "augments": [],
    "templates": [
      "base"
    ],
    "item": {
      "tl": 10,
      "weight": 5
    }
  },
  "ownership": {
    "default": 0,
    "QlyRLFLquZkYH4lQ": 3
  },
  "_stats": {
    "systemId": "mgt2",
    "systemVersion": "0.4.8",
    "coreVersion": "11.315",
    "createdTime": null,
    "modifiedTime": 1717350698587,
    "lastModifiedBy": "g9J0FYGXWOC9wpm4"
  },
  "_key": "!items!uzMkcCdPFJSFURVP"
}
