{
  "name": "Dagger",
  "type": "weapon",
  "_id": "Kay3yIRDjd9XxnH1",
  "img": "systems/mgt2/icons/items/melee-blade.svg",
  "system": {
    "tl": "1",
    "weight": 0.5,
    "cost": 0,
    "notes": "",
    "active": false,
    "quantity": 1,
    "status": null,
    "weapon": {
      "range": 0,
      "damage": "1D6+2",
      "magazine": 0,
      "ammo": 0,
      "magazineCost": 0,
      "characteristic": "DEX",
      "skill": "melee.blade",
      "parryBonus": 0,
      "damageBonus": "",
      "damageType": "standard",
      "attackBonus": 0,
      "traits": ""
    },
    "description": "<p>A short blade</p>"
  },
  "effects": [],
  "folder": null,
  "sort": 0,
  "ownership": {
    "default": 0,
    "Uzw5MJmM0BRE3sSL": 3
  },
  "flags": {},
  "_stats": {
    "systemId": "mgt2",
    "systemVersion": "0.4.9",
    "coreVersion": "11.315",
    "createdTime": 1717941332414,
    "modifiedTime": 1717941373978,
    "lastModifiedBy": "Uzw5MJmM0BRE3sSL"
  },
  "_key": "!items!Kay3yIRDjd9XxnH1"
}
