{
  "_id": "rE9tjMgR1Fwi85Iu",
  "name": "Jack",
  "type": "armour",
  "img": "systems/mgt2/icons/items/armour-light.svg",
  "data": {
    "name": "",
    "description": "Item Description",
    "tl": 0,
    "weight": 0,
    "cost": 0,
    "notes": "",
    "augments": [],
    "active": false,
    "templates": [
      "base"
    ],
    "armour": {
      "protection": 1,
      "otherProtection": 0,
      "otherTypes": "",
      "rad": 0,
      "archaic": "1",
      "skill": "",
      "duration": 0,
      "form": "standard",
      "layered": "1",
      "worn": false,
      "lasers": 1,
      "strBonus": 0,
      "dexBonus": 0
    },
    "item": {
      "tl": 1,
      "weight": 2
    }
  },
  "effects": [],
  "folder": null,
  "sort": 0,
  "permission": {
    "default": 0,
    "QlyRLFLquZkYH4lQ": 3
  },
  "flags": {},
  "_key": "!items!rE9tjMgR1Fwi85Iu"
}
