{
  "_id": "t6oKEgs1XVTtiYyK",
  "name": "Laser Rifle",
  "type": "weapon",
  "img": "systems/mgt2/icons/items/gun-energy.svg",
  "effects": [],
  "folder": null,
  "sort": 0,
  "flags": {},
  "system": {
    "tl": "9",
    "weight": 8,
    "cost": 0,
    "notes": "A bright line of light",
    "active": false,
    "quantity": 1,
    "status": null,
    "weapon": {
      "range": 200,
      "damage": "5D6",
      "magazine": 100,
      "ammo": 100,
      "magazineCost": 0,
      "characteristic": "DEX",
      "skill": "guncombat.energy",
      "parryBonus": 0,
      "damageBonus": "",
      "damageType": "laser",
      "attackBonus": 0,
      "traits": "ZeroG",
      "sfx": ""
    },
    "name": "",
    "description": "",
    "augments": [],
    "templates": [
      "base"
    ],
    "item": {
      "tl": null,
      "weight": null
    }
  },
  "ownership": {
    "default": 0,
    "QlyRLFLquZkYH4lQ": 3
  },
  "_stats": {
    "systemId": "mgt2",
    "systemVersion": "0.4.9",
    "coreVersion": "11.315",
    "createdTime": null,
    "modifiedTime": 1717941403134,
    "lastModifiedBy": "Uzw5MJmM0BRE3sSL"
  },
  "_key": "!items!t6oKEgs1XVTtiYyK"
}
