{
  "_id": "WYllyo2CcK7dFU42",
  "name": "Laser Pistol",
  "type": "weapon",
  "img": "systems/mgt2/icons/items/gun-energy.svg",
  "effects": [],
  "folder": null,
  "sort": 0,
  "flags": {},
  "system": {
    "tl": "9",
    "weight": 3,
    "cost": 0,
    "notes": "Zap zap",
    "active": false,
    "quantity": 1,
    "status": null,
    "weapon": {
      "range": 20,
      "damage": "3d6",
      "magazine": 100,
      "ammo": 100,
      "magazineCost": 0,
      "characteristic": "DEX",
      "skill": "guncombat.energy",
      "parryBonus": 0,
      "damageBonus": "",
      "damageType": "laser",
      "attackBonus": 0,
      "traits": "ZeroG",
      "sfx": "There is a flash of light and a crack of thunder."
    },
    "name": "",
    "description": "",
    "augments": [],
    "templates": [
      "base"
    ],
    "item": {
      "tl": 9,
      "weight": 1,
      "cost": 2000
    }
  },
  "ownership": {
    "default": 0,
    "QlyRLFLquZkYH4lQ": 3
  },
  "_stats": {
    "systemId": "mgt2",
    "systemVersion": "0.4.9",
    "coreVersion": "11.315",
    "createdTime": null,
    "modifiedTime": 1717940041073,
    "lastModifiedBy": "Uzw5MJmM0BRE3sSL"
  },
  "_key": "!items!WYllyo2CcK7dFU42"
}
