{
  "folder": "81lpHPvcOeOkc8gf",
  "name": "Chat Commands",
  "_id": "daLn8GLKHRgnJBax",
  "pages": [
    {
      "sort": 100000,
      "name": "upp",
      "type": "text",
      "_id": "shQm9JqCDpnbYIo7",
      "title": {
        "show": true,
        "level": 1
      },
      "image": {},
      "text": {
        "format": 1,
        "content": "<pre><code>/upp [&lt;extra-dice&gt;]</code></pre><p></p><p>Generate a set of six characteristics.</p><p></p>"
      },
      "video": {
        "controls": true,
        "volume": 0.5
      },
      "src": null,
      "system": {},
      "ownership": {
        "default": -1,
        "Uzw5MJmM0BRE3sSL": 3
      },
      "flags": {},
      "_stats": {
        "systemId": "mgt2",
        "systemVersion": "0.4.8",
        "coreVersion": "11.315",
        "createdTime": 1717537853687,
        "modifiedTime": 1717537891695,
        "lastModifiedBy": "Uzw5MJmM0BRE3sSL"
      },
      "_key": "!journal.pages!daLn8GLKHRgnJBax.shQm9JqCDpnbYIo7"
    }
  ],
  "sort": 300000,
  "ownership": {
    "default": 0,
    "Uzw5MJmM0BRE3sSL": 3
  },
  "flags": {
    "core": {
      "sourceId": "JournalEntry.daLn8GLKHRgnJBax"
    }
  },
  "_stats": {
    "systemId": "mgt2",
    "systemVersion": "0.4.8",
    "coreVersion": "11.315",
    "createdTime": 1717537836176,
    "modifiedTime": 1717864110439,
    "lastModifiedBy": "Uzw5MJmM0BRE3sSL"
  },
  "_key": "!journal!daLn8GLKHRgnJBax"
}
